Guild_id,Guild_name,Nickname,User_id
532947962557366303,Sorata Development Team,rien2n,856425832314699787
532947962557366303,Sorata Development Team,adityagiri3901,1073062973268054036
532947962557366303,Sorata Development Team,elegant0319,671764809443966994
532947962557366303,Sorata Development Team,senpai5115,591896041369108491
532947962557366303,Sorata Development Team,akkdeletedusera0fi77047,783290382485028865
532947962557366303,Sorata Development Team,nikit6102,571616485596987402
532947962557366303,Sorata Development Team,denchik7149,712596694876946534
532947962557366303,Sorata Development Team,arkhivneudach3179,699944163499704370
532947962557366303,Sorata Development Team,vebkastiva3070,680392524400951302
532947962557366303,Sorata Development Team,mr_wolf0562,723348956704407602
532947962557366303,Sorata Development Team,otto_fon,813694364735373312
532947962557366303,Sorata Development Team,4svot6i3hi4249,503474285244055552
532947962557366303,Sorata Development Team,slimer5324,560494524892315648
532947962557366303,Sorata Development Team,miranik,661493254264455190
532947962557366303,Sorata Development Team,sheiman_vladislav.,793563409589338153
532947962557366303,Sorata Development Team,rombik2678,768325555065847850
532947962557366303,Sorata Development Team,fixailsgamedev,604206526747639809
532947962557366303,Sorata Development Team,ktoto06916,810484022215966730
532947962557366303,Sorata Development Team,kolya0185,497027977050062850
532947962557366303,Sorata Development Team,cakenuss,466870850751299584
532947962557366303,Sorata Development Team,suriki_,841123638975266866
532947962557366303,Sorata Development Team,gfenixl,607227108741087232
532947962557366303,Sorata Development Team,simba9750,904407997554503702
532947962557366303,Sorata Development Team,guantanamo6305,713034692487807016
532947962557366303,Sorata Development Team,ania007593,900705783019372595
532947962557366303,Sorata Development Team,maximov074574,595585282267545600
532947962557366303,Sorata Development Team,archie206,494031179608096769
532947962557366303,Sorata Development Team,jdun2,496800536151064599
532947962557366303,Sorata Development Team,kriptsevanavesele4605,732330005673279550
532947962557366303,Sorata Development Team,sxchkaa,700628091298381854
532947962557366303,Sorata Development Team,.noizyyy,554009235139330069
532947962557366303,Sorata Development Team,darker1620,867384077082296338
532947962557366303,Sorata Development Team,squeeze7151,694628204048023632
532947962557366303,Sorata Development Team,luckyguy5065,725741734251986956
532947962557366303,Sorata Development Team,nix04514,527044363071782923
532947962557366303,Sorata Development Team,milelelelena,580697968563453962
532947962557366303,Sorata Development Team,cookiiekomori,528724400850206720
532947962557366303,Sorata Development Team,nanami031032,923589359175888917
532947962557366303,Sorata Development Team,pon4508,477860427989254165
532947962557366303,Sorata Development Team,jeremyulyanov,990285123264081921
532947962557366303,Sorata Development Team,iskor1472,847190964945551370
532947962557366303,Sorata Development Team,vltagatagashatashatagatat5580,699526181225103490
646530266877263883,🐾・Kinezs Shop,fun120,1095274721609793637
646530266877263883,🐾・Kinezs Shop,taloch_980,1111005479259357225
646530266877263883,🐾・Kinezs Shop,alsehu6596,964021838730641449
646530266877263883,🐾・Kinezs Shop,ronin4510,547750185594519554
646530266877263883,🐾・Kinezs Shop,nightech_offical,1177488970930720842
646530266877263883,🐾・Kinezs Shop,_cryptop,863975960293277739
646530266877263883,🐾・Kinezs Shop,sm1ley68,425664340046249994
646530266877263883,🐾・Kinezs Shop,vu.errols,997148015523528735
646530266877263883,🐾・Kinezs Shop,timixx3803,719293344269991956
646530266877263883,🐾・Kinezs Shop,hurts2exist,465797678601863170
646530266877263883,🐾・Kinezs Shop,saika_018,747539568538157206
646530266877263883,🐾・Kinezs Shop,abyss_watcher228,486098210130100244
646530266877263883,🐾・Kinezs Shop,boost0402,940966973939015711
646530266877263883,🐾・Kinezs Shop,elroyru,658398716402728979
646530266877263883,🐾・Kinezs Shop,kezyurikovna,273693290271080458
646530266877263883,🐾・Kinezs Shop,rokkkka,524087546372816896
646530266877263883,🐾・Kinezs Shop,sheqwqq,683489429289304084
646530266877263883,🐾・Kinezs Shop,myaksochka,697904455752089670
646530266877263883,🐾・Kinezs Shop,kow3rsh,1105489890642235443
646530266877263883,🐾・Kinezs Shop,makaka.real,550748875036819478
646530266877263883,🐾・Kinezs Shop,scam444.,1023543016612450315
646530266877263883,🐾・Kinezs Shop,yuuki_asuna2906,1082117247931252797
646530266877263883,🐾・Kinezs Shop,give_me_rtx3060,741899622380732456
646530266877263883,🐾・Kinezs Shop,chainsaaaaaw,748922543364112516
646530266877263883,🐾・Kinezs Shop,moscovskiyr7,896801690488025098
646530266877263883,🐾・Kinezs Shop,wermus,583642256615931915
646530266877263883,🐾・Kinezs Shop,makiko909,728112361440935956
646530266877263883,🐾・Kinezs Shop,49xy,563706182292733993
646530266877263883,🐾・Kinezs Shop,pocketwatchin,410900400942612503
646530266877263883,🐾・Kinezs Shop,zglts,778271573693562891
646530266877263883,🐾・Kinezs Shop,febonk,371398391114104835
646530266877263883,🐾・Kinezs Shop,gamingfrind.,957728725028450366
646530266877263883,🐾・Kinezs Shop,beverlyblvd,1182343377979707502
646530266877263883,🐾・Kinezs Shop,spiddyxdd,1061202073510752337
646530266877263883,🐾・Kinezs Shop,flech_me_v_ochko,1019883031680532501
646530266877263883,🐾・Kinezs Shop,zxcrystal,986980285650448444
646530266877263883,🐾・Kinezs Shop,anzai4831,350658675213336576
646530266877263883,🐾・Kinezs Shop,tamagochi1234,462889939604996096
646530266877263883,🐾・Kinezs Shop,dlom1k,760117800265711616
646530266877263883,🐾・Kinezs Shop,abrikos3693,687894608369549395
646530266877263883,🐾・Kinezs Shop,clovercake22,609519909172543565
646530266877263883,🐾・Kinezs Shop,st3e1e,767054482378457148
646530266877263883,🐾・Kinezs Shop,holi_ff,1130955400804565162
646530266877263883,🐾・Kinezs Shop,dystopianprincess,683597598254563382
646530266877263883,🐾・Kinezs Shop,sadn1ck.,956983583795470376
646530266877263883,🐾・Kinezs Shop,daniel02012198,953214453497856081
646530266877263883,🐾・Kinezs Shop,grabbitz0573,555128766842535952
646530266877263883,🐾・Kinezs Shop,terror1096,1082007005541191741
646530266877263883,🐾・Kinezs Shop,crocuddle1711,928478612875792445
646530266877263883,🐾・Kinezs Shop,unbelievablefr,1216136555366846645
646530266877263883,🐾・Kinezs Shop,whitemonsterrrr,810549724200435712
646530266877263883,🐾・Kinezs Shop,.theromantic,746636703032148028
646530266877263883,🐾・Kinezs Shop,0_grek_0,1068554088763113554
646530266877263883,🐾・Kinezs Shop,maladoy555,825435595781177344
646530266877263883,🐾・Kinezs Shop,cookiiekomori,528724400850206720
646530266877263883,🐾・Kinezs Shop,dreamy5151,928350662654304266
646530266877263883,🐾・Kinezs Shop,bak3279,1003275600288567317
646530266877263883,🐾・Kinezs Shop,layggs,443628936966963200
646530266877263883,🐾・Kinezs Shop,killervadya,756018800952082582
646530266877263883,🐾・Kinezs Shop,.tyoma.,915654745178406912
646530266877263883,🐾・Kinezs Shop,dthefuck44r,903497101563027539
646530266877263883,🐾・Kinezs Shop,sempai6302,201778437763891200
646530266877263883,🐾・Kinezs Shop,niki22ki_3,1180074901110005841
646530266877263883,🐾・Kinezs Shop,jeschill,597312224624771082
646530266877263883,🐾・Kinezs Shop,diegoawd,334212145560420352
646530266877263883,🐾・Kinezs Shop,073102.,1177683966145339405
646530266877263883,🐾・Kinezs Shop,yummy3129,646977186909388800
646530266877263883,🐾・Kinezs Shop,brimarro,692303895174578187
646530266877263883,🐾・Kinezs Shop,slslszslzlll,943559981343588453
646530266877263883,🐾・Kinezs Shop,kot1525,279309136032825345
646530266877263883,🐾・Kinezs Shop,ft_hgk,823264768663355402
646530266877263883,🐾・Kinezs Shop,kaiserkilledme,439425636306518046
646530266877263883,🐾・Kinezs Shop,mrvadim4ik,441954631539490857
646530266877263883,🐾・Kinezs Shop,zxcsupernova,1142833725957222421
646530266877263883,🐾・Kinezs Shop,aatashiwa,964010159644999690
646530266877263883,🐾・Kinezs Shop,tengmar,892012012614344764
646530266877263883,🐾・Kinezs Shop,beee117,571702819720265729
646530266877263883,🐾・Kinezs Shop,emperordsa,848636639617613825
646530266877263883,🐾・Kinezs Shop,la41.,958546983394607135
646530266877263883,🐾・Kinezs Shop,memorial228,560125714976866374
646530266877263883,🐾・Kinezs Shop,v1xnnownsme,727065741978894346
646530266877263883,🐾・Kinezs Shop,happy_eve,1026554529732382720
646530266877263883,🐾・Kinezs Shop,sayrex19,768018485460467742
646530266877263883,🐾・Kinezs Shop,misha7937968729626,1254595169794130015
646530266877263883,🐾・Kinezs Shop,rycoda1267,844151293421682698
646530266877263883,🐾・Kinezs Shop,daxo5113,1112646816773701642
646530266877263883,🐾・Kinezs Shop,kotenok_16,712565761843134474
646530266877263883,🐾・Kinezs Shop,azatalitik,966030342333030481
646530266877263883,🐾・Kinezs Shop,ministerstvo_mvd,988264189447536662
646530266877263883,🐾・Kinezs Shop,canellious,519417946221576192
646530266877263883,🐾・Kinezs Shop,.imilon,748116977201053858
646530266877263883,🐾・Kinezs Shop,andhxirbd,550342500032708619
646530266877263883,🐾・Kinezs Shop,bigdadyonge,705862751767101450
646530266877263883,🐾・Kinezs Shop,remedy6264,923426139161120838
646530266877263883,🐾・Kinezs Shop,sa1ge.,538740426576887819
646530266877263883,🐾・Kinezs Shop,maxposhiratel,1174008912010293322
646530266877263883,🐾・Kinezs Shop,dozhd,678281416403845141
646530266877263883,🐾・Kinezs Shop,ipah_.,929806081214017547
646530266877263883,🐾・Kinezs Shop,xzicy,1046385431022940232
646530266877263883,🐾・Kinezs Shop,puli_ot_babuli1,339022250185326605
646530266877263883,🐾・Kinezs Shop,design.assti,1249115971323695115
646530266877263883,🐾・Kinezs Shop,kesha6667,864449499828846604
646530266877263883,🐾・Kinezs Shop,moloko260,832592868325064714
646530266877263883,🐾・Kinezs Shop,kiraeth,381408682027778048
646530266877263883,🐾・Kinezs Shop,helsz.nels,711696354245869569
646530266877263883,🐾・Kinezs Shop,imphoba,1015250169677230080
646530266877263883,🐾・Kinezs Shop,homk4pstoabtlendamt,818498262105456711
646530266877263883,🐾・Kinezs Shop,georggongm7818,788688483791142913
646530266877263883,🐾・Kinezs Shop,head.job,309654285606715392
646530266877263883,🐾・Kinezs Shop,paradeevich0,1153959968467333161
646530266877263883,🐾・Kinezs Shop,30heartz.,1104855271509069915
646530266877263883,🐾・Kinezs Shop,suns3963,847431344065085460
646530266877263883,🐾・Kinezs Shop,degkselenyuchaudegblacklo,452751094016245771
646530266877263883,🐾・Kinezs Shop,barsovsky,493153824635355137
646530266877263883,🐾・Kinezs Shop,kitten_nnn,763089264992321584
646530266877263883,🐾・Kinezs Shop,fova138,1253059183960391712
646530266877263883,🐾・Kinezs Shop,_shvaygert,661918473298903071
646530266877263883,🐾・Kinezs Shop,moty1982,1199750072599072818
646530266877263883,🐾・Kinezs Shop,jsixnakx,737069675241930802
646530266877263883,🐾・Kinezs Shop,aza8527,939638481536303136
646530266877263883,🐾・Kinezs Shop,nixnix0107,943840673206009866
646530266877263883,🐾・Kinezs Shop,sonderchick,1140218707591823391
646530266877263883,🐾・Kinezs Shop,suvileplays.,923418472271212628
646530266877263883,🐾・Kinezs Shop,mustafa313108925,984379892005212230
646530266877263883,🐾・Kinezs Shop,hapebeastadministrat0r2725,927847272153235517
646530266877263883,🐾・Kinezs Shop,profemre0343,431510366887870465
646530266877263883,🐾・Kinezs Shop,w.01.k,375658272423936000
646530266877263883,🐾・Kinezs Shop,broken_unknown,506095879237664768
646530266877263883,🐾・Kinezs Shop,nonswatpls,1084722916157038662
646530266877263883,🐾・Kinezs Shop,orced_,937306857943474258
646530266877263883,🐾・Kinezs Shop,sgiftj,572836353234960393
646530266877263883,🐾・Kinezs Shop,dafevu,571757711054864406
646530266877263883,🐾・Kinezs Shop,thesecret.,292895227021361154
646530266877263883,🐾・Kinezs Shop,lutiy3,1149972508263600219
646530266877263883,🐾・Kinezs Shop,fadlilfauzancahyaputra7007,982919611701927956
646530266877263883,🐾・Kinezs Shop,_eariel_,1211954988880760907
646530266877263883,🐾・Kinezs Shop,zirkatwo,477539854926741524
646530266877263883,🐾・Kinezs Shop,ropert1227,707515524988534807
646530266877263883,🐾・Kinezs Shop,rememberds,1159942601848389702
646530266877263883,🐾・Kinezs Shop,z9yh,610419638349856769
646530266877263883,🐾・Kinezs Shop,xvs5204,774300693460418560
646530266877263883,🐾・Kinezs Shop,orgaatoiiipikachat5181,982963235403730975
646530266877263883,🐾・Kinezs Shop,charlet__,404601234822135809
646530266877263883,🐾・Kinezs Shop,zeni0437,1096360895623475300
646530266877263883,🐾・Kinezs Shop,wirevor,634769034516234270
646530266877263883,🐾・Kinezs Shop,yachoebu,950431827900915762
646530266877263883,🐾・Kinezs Shop,edward_thomas3ee40876,1194975923825561701
646530266877263883,🐾・Kinezs Shop,verzined,470521247638355968
646530266877263883,🐾・Kinezs Shop,flartik,1094402621374214234
646530266877263883,🐾・Kinezs Shop,pandass3297,1008348529535762432
646530266877263883,🐾・Kinezs Shop,ronaldosiuu2177,1046389245717254234
646530266877263883,🐾・Kinezs Shop,podzemka.,471310761667461130
646530266877263883,🐾・Kinezs Shop,honestwegg49,1123699163964637264
646530266877263883,🐾・Kinezs Shop,fuckingmansheaash,861863788847431691
646530266877263883,🐾・Kinezs Shop,brad079148,1102206696211877968
646530266877263883,🐾・Kinezs Shop,yukiro.coder,1243217109484572724
646530266877263883,🐾・Kinezs Shop,xxenoraa,716675585706950667
646530266877263883,🐾・Kinezs Shop,shark1ns,201666361926221824
646530266877263883,🐾・Kinezs Shop,triller3105,846459056008593409
646530266877263883,🐾・Kinezs Shop,arizonaay,697060515947479080
646530266877263883,🐾・Kinezs Shop,kazakhus_povelivatus,751825432713625620
646530266877263883,🐾・Kinezs Shop,bearcartelwhitelist4536,965572699361533952
646530266877263883,🐾・Kinezs Shop,kash_tan_chik,938465266738819072
646530266877263883,🐾・Kinezs Shop,sonya_ochko,744947027087065179
646530266877263883,🐾・Kinezs Shop,ludvvig_,1058391399537594438
646530266877263883,🐾・Kinezs Shop,011201012,797588289749254174
646530266877263883,🐾・Kinezs Shop,qmean,294678231846748162
646530266877263883,🐾・Kinezs Shop,.malbi,681948841733652522
646530266877263883,🐾・Kinezs Shop,yjltpa_bahah,271675604569423877
646530266877263883,🐾・Kinezs Shop,snakeecstatic25754,1183013118020952108
646530266877263883,🐾・Kinezs Shop,rommarty,405213573556469770
646530266877263883,🐾・Kinezs Shop,face1456,755878589093904455
646530266877263883,🐾・Kinezs Shop,epicdeity898_,920214747461333042
646530266877263883,🐾・Kinezs Shop,mefistorin,452841177021153290
646530266877263883,🐾・Kinezs Shop,rassada_,691347509095694366
646530266877263883,🐾・Kinezs Shop,deforse,1170479534844411946
646530266877263883,🐾・Kinezs Shop,today.tomorrow.always.,829044631546888222
646530266877263883,🐾・Kinezs Shop,ledxseller,919499723163959297
646530266877263883,🐾・Kinezs Shop,youngboy0,652502089901146124
646530266877263883,🐾・Kinezs Shop,resushack,1188399495243894834
646530266877263883,🐾・Kinezs Shop,zen_maypole_20638,1030464820450951188
646530266877263883,🐾・Kinezs Shop,iazhemat,690904395210162228
646530266877263883,🐾・Kinezs Shop,ggs5536,529124601616138251
646530266877263883,🐾・Kinezs Shop,invaliduser8577,965803410131660821
646530266877263883,🐾・Kinezs Shop,anik.,766741482102849566
646530266877263883,🐾・Kinezs Shop,maveryg,694919830666739734
646530266877263883,🐾・Kinezs Shop,groznnnyi,1227525342953209967
646530266877263883,🐾・Kinezs Shop,kyridabeast.,972836128493305946
646530266877263883,🐾・Kinezs Shop,darkly.quid,1202620002981773368
646530266877263883,🐾・Kinezs Shop,nishin_pro9079,1030219531844595822
646530266877263883,🐾・Kinezs Shop,yarinnnnnwi,1104016186116681910
646530266877263883,🐾・Kinezs Shop,samuranin,1097044588797108244
646530266877263883,🐾・Kinezs Shop,xxxszx,782646268311633920
646530266877263883,🐾・Kinezs Shop,a0kize,448075693830438922
646530266877263883,🐾・Kinezs Shop,moonmanyt,807584238928789566
646530266877263883,🐾・Kinezs Shop,mattyduckyhonkhonk_,919313297361240095
646530266877263883,🐾・Kinezs Shop,pump16,227827083034755072
646530266877263883,🐾・Kinezs Shop,artisansblend,495248021726953483
646530266877263883,🐾・Kinezs Shop,.belugabot,1009502140504486011
646530266877263883,🐾・Kinezs Shop,fil0chka,874553317412438046
646530266877263883,🐾・Kinezs Shop,nekonationsales5393,965786060028252200
646530266877263883,🐾・Kinezs Shop,zaboal,1024406341726515332
646530266877263883,🐾・Kinezs Shop,shuddik,614036328744484865
646530266877263883,🐾・Kinezs Shop,schiken5774,980018845299392512
646530266877263883,🐾・Kinezs Shop,kattyq,1098913735403376760
646530266877263883,🐾・Kinezs Shop,lacosta8415.,818116125627514911
646530266877263883,🐾・Kinezs Shop,voroval.,732535857860313109
646530266877263883,🐾・Kinezs Shop,dimas_miami,274603313645748226
646530266877263883,🐾・Kinezs Shop,yungtizzy.,408938582758391809
646530266877263883,🐾・Kinezs Shop,.jespr,863101708908757003
646530266877263883,🐾・Kinezs Shop,xazuku,633000599297720330
646530266877263883,🐾・Kinezs Shop,hello_waka,656165738066870286
646530266877263883,🐾・Kinezs Shop,brandiezz8497,1069680901858005173
646530266877263883,🐾・Kinezs Shop,krechinf,638417154940731402
646530266877263883,🐾・Kinezs Shop,lilikv3,792411509736734750
646530266877263883,🐾・Kinezs Shop,mefling,1128010066516246528
646530266877263883,🐾・Kinezs Shop,ajaness6360,843658254944305162
646530266877263883,🐾・Kinezs Shop,sativniysplif,448373793233305602
646530266877263883,🐾・Kinezs Shop,denchik2323,670650484201226251
646530266877263883,🐾・Kinezs Shop,kotikob3dproq,625985568211468288
646530266877263883,🐾・Kinezs Shop,apex_pozitiv,1007771916045660160
646530266877263883,🐾・Kinezs Shop,bonap,416871496955199488
646530266877263883,🐾・Kinezs Shop,bir0728_12750,1187959252640354379
646530266877263883,🐾・Kinezs Shop,aqvi4,1068167587961249863
646530266877263883,🐾・Kinezs Shop,obizenka_life,694216720717578320
646530266877263883,🐾・Kinezs Shop,sunnyalien,694868164395139122
646530266877263883,🐾・Kinezs Shop,emopicture,1098301269828960398
646530266877263883,🐾・Kinezs Shop,flaxi5709,1110857151229992961
646530266877263883,🐾・Kinezs Shop,flaryanlxrd,420202870076342272
646530266877263883,🐾・Kinezs Shop,prodam_noski,706434227109101580
646530266877263883,🐾・Kinezs Shop,seni.xxx,1052150014480232498
646530266877263883,🐾・Kinezs Shop,ttrain284791,846115859751108630
646530266877263883,🐾・Kinezs Shop,naytvori,468029725546250250
646530266877263883,🐾・Kinezs Shop,i_love_m1ra1,1062676714041389086
646530266877263883,🐾・Kinezs Shop,kunilover365,1052465905923280906
646530266877263883,🐾・Kinezs Shop,psihonepodemim,1009666372927750187
646530266877263883,🐾・Kinezs Shop,tchan0539,976352174151962624
646530266877263883,🐾・Kinezs Shop,_akikoqqe,603881184774324224
646530266877263883,🐾・Kinezs Shop,exclusiveis,1076946741380796477
646530266877263883,🐾・Kinezs Shop,goonedbanditsalert2363,967570451868041306
646530266877263883,🐾・Kinezs Shop,giviqqe,1032716165253967943
646530266877263883,🐾・Kinezs Shop,suchiysvet.,1190460527252623523
646530266877263883,🐾・Kinezs Shop,vasilekjk,1128834346556608664
646530266877263883,🐾・Kinezs Shop,withpapay2oo8.,954187545686720582
646530266877263883,🐾・Kinezs Shop,eitbit8277,996380756802809937
646530266877263883,🐾・Kinezs Shop,devace_,222015305659056130
646530266877263883,🐾・Kinezs Shop,chaotier_3683,846243059988955148
646530266877263883,🐾・Kinezs Shop,cocksucking,1003999372436066314
646530266877263883,🐾・Kinezs Shop,ferryxo5319,1026398451870736394
646530266877263883,🐾・Kinezs Shop,c1de.exe,1094975515162587226
646530266877263883,🐾・Kinezs Shop,93731178594_15789,1163247144682127400
646530266877263883,🐾・Kinezs Shop,nezert3,673425751214784532
646530266877263883,🐾・Kinezs Shop,teramx.,1053177693522378773
646530266877263883,🐾・Kinezs Shop,teify.com,1184875018056904704
646530266877263883,🐾・Kinezs Shop,lollipopa2111,988802510758236190
646530266877263883,🐾・Kinezs Shop,crystaltest,1094960698569805844
646530266877263883,🐾・Kinezs Shop,lacky0508,744842444855574549
646530266877263883,🐾・Kinezs Shop,jaydenbuchellati,889574524616589333
646530266877263883,🐾・Kinezs Shop,kiracole,505095494482264066
646530266877263883,🐾・Kinezs Shop,slepa_228,865523520054493184
646530266877263883,🐾・Kinezs Shop,gabenstep_ez,968832300727038012
646530266877263883,🐾・Kinezs Shop,tram7384,847224052430667816
646530266877263883,🐾・Kinezs Shop,woxlo_,1108270451500777513
646530266877263883,🐾・Kinezs Shop,meanwh1le,441588831309922314
646530266877263883,🐾・Kinezs Shop,games_bush_,964927798496079922
646530266877263883,🐾・Kinezs Shop,yah0chuspattt,632846316367773717
646530266877263883,🐾・Kinezs Shop,.st1chh_,1160297909313618061
646530266877263883,🐾・Kinezs Shop,flango2.2,1082574557719822356
646530266877263883,🐾・Kinezs Shop,xx.pwrettis.xx,778295211205197836
646530266877263883,🐾・Kinezs Shop,poportaim,1164123180642861097
646530266877263883,🐾・Kinezs Shop,ebush_,576415962560069633
646530266877263883,🐾・Kinezs Shop,zcurqoxq,545294561774272524
646530266877263883,🐾・Kinezs Shop,spermarik,1063845581140799550
646530266877263883,🐾・Kinezs Shop,mezultil,1230518994029776908
646530266877263883,🐾・Kinezs Shop,ungxdzu,1021023777221521468
646530266877263883,🐾・Kinezs Shop,infinitex0508,973657086644867173
646530266877263883,🐾・Kinezs Shop,.wxyy,1016140307731062846
646530266877263883,🐾・Kinezs Shop,tooopooo,776117278348673055
646530266877263883,🐾・Kinezs Shop,jorgenboy,252838135820451841
646530266877263883,🐾・Kinezs Shop,w3xq,636247459357523968
646530266877263883,🐾・Kinezs Shop,snofka55,1065341138036346880
646530266877263883,🐾・Kinezs Shop,busy_star_06756,1090553562691543102
646530266877263883,🐾・Kinezs Shop,qwqweqweqewqewqw,834123380500332586
646530266877263883,🐾・Kinezs Shop,reycoronis,1120544596267642920
646530266877263883,🐾・Kinezs Shop,sleep1488,981262754381979750
646530266877263883,🐾・Kinezs Shop,_lex_play_,1072069149871833168
646530266877263883,🐾・Kinezs Shop,yroslav4735,734361212262940713
646530266877263883,🐾・Kinezs Shop,dirijaba,401828607443599361
646530266877263883,🐾・Kinezs Shop,feverlouda,405422419138838528
646530266877263883,🐾・Kinezs Shop,1insomnia_,1183101395138785280
646530266877263883,🐾・Kinezs Shop,srkeysik,252116241911644161
646530266877263883,🐾・Kinezs Shop,.ang3ldeath.,874213395853881395
646530266877263883,🐾・Kinezs Shop,xdastio,793498711467622441
646530266877263883,🐾・Kinezs Shop,sssddaaa,1108281445367156767
646530266877263883,🐾・Kinezs Shop,asti_l,670611009374912567
646530266877263883,🐾・Kinezs Shop,yuzxki,717661749167259659
646530266877263883,🐾・Kinezs Shop,shaizadinov,392742451024101388
646530266877263883,🐾・Kinezs Shop,senekmolotok,704771185514119288
646530266877263883,🐾・Kinezs Shop,justonfir,1050420111468675163
646530266877263883,🐾・Kinezs Shop,angelthv,450995731134677014
646530266877263883,🐾・Kinezs Shop,zellot_.,957129347850969128
646530266877263883,🐾・Kinezs Shop,cnk_84_nft2571,932052030900559933
646530266877263883,🐾・Kinezs Shop,caliban565,386451572785152002
646530266877263883,🐾・Kinezs Shop,moriohou,414034283058167808
646530266877263883,🐾・Kinezs Shop,sunr153,428464195458170881
646530266877263883,🐾・Kinezs Shop,mommy_v_zdanii2.0,1015904762773913600
646530266877263883,🐾・Kinezs Shop,myauzer_,1096788243351093258
646530266877263883,🐾・Kinezs Shop,ccc4456,910652713203802224
646530266877263883,🐾・Kinezs Shop,chicha095,565643850614308873
646530266877263883,🐾・Kinezs Shop,gtfaeeqweqwzzstargazeddd,920651840457179146
646530266877263883,🐾・Kinezs Shop,wantinghasbat,828732858737754182
646530266877263883,🐾・Kinezs Shop,heavenlive,1090605338446807082
646530266877263883,🐾・Kinezs Shop,yukihno0,1050467765175205888
646530266877263883,🐾・Kinezs Shop,freebeaming,612547934566744064
646530266877263883,🐾・Kinezs Shop,forlxvy,817184707304226826
646530266877263883,🐾・Kinezs Shop,escame,454696342514696192
646530266877263883,🐾・Kinezs Shop,emmaa01887,753773398089269289
646530266877263883,🐾・Kinezs Shop,quartzwaw,697688757788475422
646530266877263883,🐾・Kinezs Shop,nowerr_,566945281917190144
646530266877263883,🐾・Kinezs Shop,bushidikk_,1046389960174997584
646530266877263883,🐾・Kinezs Shop,lluk,743039233484259338
646530266877263883,🐾・Kinezs Shop,dumpcave,879647072704401408
646530266877263883,🐾・Kinezs Shop,hikachino,526037103751200769
646530266877263883,🐾・Kinezs Shop,celeste06047,1080187392708841472
646530266877263883,🐾・Kinezs Shop,sayonaraecho,190801362135547904
694971224174100510,A L X W Y S W Y G,cookiiekomori,528724400850206720
723277099837948026,а ой,cookiiekomori,528724400850206720
723277099837948026,а ой,deleted_user_398032b65b6d,585392112468492288
723277099837948026,а ой,_v_i_n_tage,611210494677876769
739345503158009937,YNDiscord,cookiiekomori,528724400850206720
740810529316274206,Предложение,cookiiekomori,528724400850206720
744171379729104956,.OSCORD,cookiiekomori,528724400850206720
823168179945078784,okanehome,cookiiekomori,528724400850206720
825242986547773450,Сервер 𝒩𝒶𝓉𝓈𝓊𝒟𝓇𝒶𝑔𝓃1𝐿,cookiiekomori,528724400850206720
825243524576444426,Шаблон кнейзи,cookiiekomori,528724400850206720
854309914788626442,soullesscoffee Service,cookiiekomori,528724400850206720
854309914788626442,soullesscoffee Service,niki22ki_3,1180074901110005841
907577663810576405,︿ soullesscoffee,niki22ki_3,1180074901110005841
907577663810576405,︿ soullesscoffee,cookiiekomori,528724400850206720
907577663810576405,︿ soullesscoffee,muhumata,470841758063001601
907577663810576405,︿ soullesscoffee,dradyk,632930451681705997
907577663810576405,︿ soullesscoffee,_zaebalas_,265550749180755968
907577663810576405,︿ soullesscoffee,sfeno666,716009510048759900
907577663810576405,︿ soullesscoffee,glucksmoke,609607920853712906
907577663810576405,︿ soullesscoffee,sasha1231,355613066605625356
907577663810576405,︿ soullesscoffee,reyzzza,672509776495771679
907577663810576405,︿ soullesscoffee,qvrlly,1068242841530290287
907577663810576405,︿ soullesscoffee,tamir_tg,662323674581565451
907577663810576405,︿ soullesscoffee,_r_u_r_i_,804065068026822656
907577663810576405,︿ soullesscoffee,kamenit,997156486625116251
907577663810576405,︿ soullesscoffee,dark_gazer,472421833858351121
907577663810576405,︿ soullesscoffee,arturua11,1304984864415678494
907577663810576405,︿ soullesscoffee,lambordzhini_diablo_,234231010810658817
907577663810576405,︿ soullesscoffee,op.koty,831949288724103208
907577663810576405,︿ soullesscoffee,flaryanlxrd,420202870076342272
907577663810576405,︿ soullesscoffee,amicusarcane,478180978016256001
907577663810576405,︿ soullesscoffee,royat12.,247700389892194304
907577663810576405,︿ soullesscoffee,lymlym,303617400878923777
907577663810576405,︿ soullesscoffee,makasin_play,698079545328271421
907577663810576405,︿ soullesscoffee,whtrskc,1121145621290684466
907577663810576405,︿ soullesscoffee,desantnik4115,618012594271420466
907577663810576405,︿ soullesscoffee,krasavinilya,699597057085669416
907577663810576405,︿ soullesscoffee,kartinka_,344470072959434755
907577663810576405,︿ soullesscoffee,hqji,448551968504283137
907577663810576405,︿ soullesscoffee,neut0rn,424075301358665728
907577663810576405,︿ soullesscoffee,boahancock3907,317562487673192451
907577663810576405,︿ soullesscoffee,talishwot,1233373988239970396
907577663810576405,︿ soullesscoffee,clo3ex,281804708434280448
907577663810576405,︿ soullesscoffee,deadpool007.,969898966701457452
907577663810576405,︿ soullesscoffee,gunc4ik,264017579054465025
907577663810576405,︿ soullesscoffee,funduk_101,867373653959376927
907577663810576405,︿ soullesscoffee,shabanovyura,914175071155802134
907577663810576405,︿ soullesscoffee,blood._.dream,469525921204797441
907577663810576405,︿ soullesscoffee,emoqueen2007,1212370993289633803
907577663810576405,︿ soullesscoffee,keksik432,356346069048885248
907577663810576405,︿ soullesscoffee,clon9812,750671125398290472
907577663810576405,︿ soullesscoffee,kokadjambo,364390390217834508
907577663810576405,︿ soullesscoffee,cleo5657,1043180653199495239
907577663810576405,︿ soullesscoffee,popapopk1i6,1034859150557065216
907577663810576405,︿ soullesscoffee,fandyushkin3,975464722130432150
907577663810576405,︿ soullesscoffee,dragon_ua,751019695569764354
907577663810576405,︿ soullesscoffee,altrzr,1125142105308790845
907577663810576405,︿ soullesscoffee,madara9092,441477865649864704
907577663810576405,︿ soullesscoffee,cyberpunk909,315133216614776832
907577663810576405,︿ soullesscoffee,avanit,1041764926433280050
907577663810576405,︿ soullesscoffee,7olivkasherrybi,839001666258206730
907577663810576405,︿ soullesscoffee,nix04514,527044363071782923
907577663810576405,︿ soullesscoffee,umaduck,726818383701737572
907577663810576405,︿ soullesscoffee,whume,214366011325939712
907577663810576405,︿ soullesscoffee,sashaangel.,660712142831484947
907577663810576405,︿ soullesscoffee,cucumber13,444062737534812161
907577663810576405,︿ soullesscoffee,egoroffgl,268308909050167296
